<?xml-model href="http://www.tei-c.org/release/xml/tei/custom/schema/relaxng/tei_all.rng" type="application/xml" schematypens="http://relaxng.org/ns/structure/1.0"?><?xml-model href="http://www.tei-c.org/release/xml/tei/custom/schema/relaxng/tei_all.rng" type="application/xml"
	schematypens="http://purl.oclc.org/dsdl/schematron"?><TEI xmlns="http://www.tei-c.org/ns/1.0" xml:id="pb-places">
   <teiHeader>
      <fileDesc>
         <titleStmt>
            <title>Local Authority File: Place register</title>
         </titleStmt>
         <publicationStmt>
            <p>Publication Information</p>
         </publicationStmt>
         <sourceDesc>
            <p>Information about the source</p>
         </sourceDesc>
      </fileDesc>
      <encodingDesc>
         <classDecl>
            <taxonomy/>
         </classDecl>
      </encodingDesc>
   </teiHeader>
   <standOff>
      <listPlace>
         <place xml:id="geo-2957834" type="P.PPL">
            <placeName type="main">Altenberg</placeName>
            <placeName type="sort">Altenberg</placeName>
            <location>
                <geo>50.76556 13.75334</geo>
            </location>
            <country>Germany</country>
            <region>Saxony</region>
            <note/>
            <ptr type="geonames" target="https://www.geonames.org/2957834"/>
            <ptr type="info" target="https://en.wikipedia.org/wiki/Altenberg"/>
         </place>
         <place xml:id="geo-2512989" type="P.PPLA">
            <placeName type="main">Palma</placeName>
            <placeName type="sort">Palma</placeName>
            <location>
                <geo>39.56939 2.65024</geo>
            </location>
            <country>Spain</country>
            <region>Balearic Islands</region>
            <note/>
            <ptr type="geonames" target="https://www.geonames.org/2512989"/>
            <ptr type="info" target="https://en.wikipedia.org/wiki/Palma%2C_Majorca"/>
         </place>
         <place xml:id="geo-6946437" type="S.CH">
            <placeName type="main">Basilika San Francisco</placeName>
            <placeName type="sort">Basilika San Francisco</placeName>
            <location>
               <geo>39.5689 2.65306</geo>
            </location>
            <country>Spain</country>
            <region>Balearic Islands</region>
            <note/>
            <ptr type="geonames" target="https://www.geonames.org/6946437"/>
            <ptr type="info" target="https://undefined"/>
         </place>  
         <place xml:id="custom-Deia">
            <placeName type="main">Deya</placeName>
            <placeName type="variant">Deià</placeName>
            <location>
               <geo>39.7484 2.64918</geo>
            </location>
            <country>Spain</country>
            <region>Balearic Islands</region>
            <note>Deià is a small coastal village in the Serra de Tramuntana, which forms the northern ridge of the Spanish island of Mallorca. It is
               located about ten miles north of Valldemossa, and it is known for its literary and musical residents. Its idyllic landscape, orange and
               olive groves on steep cliffs overlooking the Mediterranean, served as a draw for German, English, and American expatriates after the First
               World War.</note>
         </place>    
      </listPlace>
   </standOff>
</TEI>