<TEI xmlns="http://www.tei-c.org/ns/1.0" xmlns:xsi="http://www.w3.org/2001/XMLSchema-instance" xsi:schemaLocation="http://www.tei-c.org/ns/1.0 http://www.tei-c.org/release/xml/tei/custom/schema/xsd/tei_all.xsd">
  <teiHeader>
            <fileDesc>
                <titleStmt>
                    <title>id_00005</title>
                    <author>Alcedo, Antonio, de (1735-1812)</author>
                    <funder>Agence Nationale de la Recherche (ANR) <idno>ANR-21-CE27-0023</idno>
                    </funder>
                    <editor role="lead" ref="TopUrbiIndex.xml#JPZ">Jean-Paul Zúñiga</editor>
    				<editor role="lead" ref="TopUrbiIndex.xml#CB">Carmen Brando</editor>
    				<editor role="editor" ref="TopUrbiIndex.xml#WS">Werner Stangl</editor>
                </titleStmt>
                <editionStmt>
                    <edition>
                        <date>2024</date>
                    </edition>
                    <respStmt>
                        <resp>digital edition by</resp>
                        <name>Projet TopUrbi, ANR-21-CE27-0023</name>
                    </respStmt>
                    <respStmt>
                        <resp>Project Lead</resp>
                        <name ref="TopUrbiIndex.xml#JPZ">Jean-Paul Zúñiga</name>
                    </respStmt>
                    <respStmt>
                        <resp>Technical Project Lead</resp>
                        <name ref="TopUrbiIndex.xml#CB">Carmen Brando</name>
                    </respStmt>
                    <respStmt>
                        <resp>Facsimile digitzed vol. 1 by</resp>
                        <name>École Saint-Geneviève</name>
                    </respStmt>
                    <respStmt>
                        <resp>Facsimile digitzed vol. 2-5 by</resp>
                        <name>HathiTrust</name>
                    </respStmt>
                    <respStmt>
                        <resp>baseline OCR vol. 1-3 and 5 by</resp>
                        <name>John Carter Brown Library</name>
                    </respStmt>
                    <respStmt>
                        <resp>baseline OCR vol. 4 by</resp>
                        <name>Duke University</name>
                    </respStmt>
                </editionStmt>
                <publicationStmt>
                    <distributor>École des hautes études en sciences sociales</distributor>
                    <address>
                        <addrLine>Plateforme géomatique de l'EHESS</addrLine>
                        <addrLine>54, Boulevard Raspail</addrLine>
                        <addrLine>75006 Paris</addrLine>
                        <addrLine>France</addrLine>
                    </address>
                </publicationStmt>
                <sourceDesc>
                    <biblStruct>
                        <monogr>
                            <author>Alcedo, Antonio, de (1735-1812)</author>
                            <title type="full">
                                <title type="main">Diccionario geográfico-histórico de las Indias
                                    Occidentales</title>
                                <title type="sub">es a saber: de los reynos del Perú, Nueva España, Tierra
                                    Firme, Chile y Nuevo Reyno de Granada</title>
                                <title type="volume">Tomo I</title>
                            </title>
                            <imprint>
                                <pubPlace>Madrid</pubPlace>
                                <publisher>Benito Cano</publisher>
                                <date>1786</date>
                            </imprint>
                        </monogr>
                    </biblStruct>
                </sourceDesc>
            </fileDesc>
            <encodingDesc xml:lang="en">
                <p>Smaller section headings ("AB") were removed. </p>
                <p>Linebreaks have not been preserved. </p>
                <p>Page headers, including page numbers were removed, page and column breaks are
                    encoded.</p>
                <p>More details on methodology in separate documentation.</p>
                <editorialDecl>
                    <correction status="high" method="silent">
                        <p>The OCR version has been corrected applying pattern replacement rules and
                            manually checked several times for errors. This correction was done to minimize
                            the distance to the originally printed text.</p>
                    </correction>
                    <normalization>
                        <p>Accents modernized, with exception of toponymy. Occasional inconsistent
                            normalization of accents in toponymy possible.</p>
                        <p>All accents removed from capital letters.</p>
                    </normalization>
                    <hyphenation eol="none">
                        <p>Hyphenated words that appear at the end of the line have been reformed.</p>
                    </hyphenation>
                    <interpretation>
                        <p>Toponymy, proper names, (some) organizations, and spatial concepts are
                            annotated.</p>
                    </interpretation>
                </editorialDecl>
            </encodingDesc>
            <encodingDesc xml:lang="es">
                <p>Se eliminaron las secciones de encabezados más pequeñas ("AB").</p>
                <p>No se han conservado los saltos de línea.</p>
                <p>Se eliminaron los encabezados de página, incluidos los números de página; se codifican
                    los saltos de página y de columna.</p>
                <p>Más detalles sobre la metodología en la documentación separada.</p>
                <editorialDecl>
                    <correction status="high" method="silent">
                        <p>La versión OCR se corrigió aplicando reglas de reemplazo de patrones y se revisó
                            manualmente varias veces en busca de errores. Esta corrección se realizó para
                            minimizar la distancia con respecto al texto impreso originalmente.</p>
                    </correction>
                    <normalization>
                        <p>Se modernizaron los acentos, con excepción de la toponimia. Es posible una
                            normalización inconsistente ocasional de los acentos en la toponimia.</p>
                        <p>Se eliminaron todos los acentos de las letras mayúsculas.</p>
                    </normalization>
                    <hyphenation eol="none">
                        <p>Se reformaron las palabras con guiones que aparecen al final de la línea.</p>
                    </hyphenation>
                    <interpretation>
                        <p>La toponimia, los nombres propios, (algunas) organizaciones y conceptos
                            espaciales están anotados.</p>
                    </interpretation>
                </editorialDecl>
            </encodingDesc>
            <encodingDesc xml:lang="fr">
                <p>Les sous-titres de section plus petits ("AB") ont été supprimés.</p>
                <p>Les sauts de ligne n'ont pas été préservés.</p>
                <p>Les en-têtes de page, y compris les numéros de page, ont été supprimés ; les sauts de
                    page et de colonne sont encodés.</p>
                <p>Plus de détails sur la méthodologie dans la documentation séparée.</p>
                <editorialDecl>
                    <correction status="high" method="silent">
                        <p>La version OCR a été corrigée en appliquant des règles de remplacement de motifs
                            et vérifiée manuellement plusieurs fois pour les erreurs. Cette correction a été
                            effectuée pour minimiser la distance par rapport au texte imprimé
                            initialement.</p>
                    </correction>
                    <normalization>
                        <p>Les accents ont été modernisés, à l'exception de la toponymie. Une normalisation
                            occasionnellement inconsistante des accents dans la toponymie est possible.</p>
                        <p>Tous les accents ont été supprimés des lettres majuscules.</p>
                    </normalization>
                    <hyphenation eol="none">
                        <p>Les mots avec des traits d'union qui apparaissent à la fin de la ligne ont été
                            reformés.</p>
                    </hyphenation>
                    <interpretation>
                        <p>La toponymie, les noms propres, (certaines) organisations et concepts spatiaux
                            sont annotés.</p>
                    </interpretation>
                </editorialDecl>
            </encodingDesc>
    		<revisionDesc>
                <change notAfter="2024-06" who="#LB"> Text Partition</change>
    			<change notAfter="2024-05" who="#WS"> Metadata aggregation</change>
    			<change notAfter="2024-05" who="#WS"> Transformation to TEI format</change>
    			<change notAfter="2024-03-31" who="#WS #MO #CB"> Manual review of annotations</change>
    			<change when="2024-01-15" who="#CB"> NLP annotation added </change>
    			<change notAfter="2023-11-30" who="#WS #JB">Manual proofreading vol. 1</change>
    			<change notAfter="2023-05-31" who="#WS #MO #JB">Manual proofreading vol. 1</change>
    			<change notAfter="2022-12-31" who="#WS">Automatic geomatching done for entries</change>
    			<change notAfter="2022-10-31" who="#WS">Structural analysis completed, entry elements defined, lemma and type established</change>
    			<change notAfter="2017-01-01" who="#WS">Initial rule based cleaning of OCR</change>
    		</revisionDesc>
        </teiHeader>
  <text>
    <body>
      <div n="toponyms"><entry xml:id="id_00005">
<fs>
                        <f name="normname" fVal="Abbots"/>
                        <f name="entrytype" fVal="Toponym"/>
                        <f name="majortype" fVal="landmark"/>
                        <f name="featuretype" fVal="Río"/>
                        <f name="province" fVal="North Carolina"/>
                        <f name="region" fVal="unspecified"/>
                        <f name="PlaceID" fVal="TopUrbiPlace10001"/>
                    </fs>
                    <form>
                        <orth type="lemma" orig="ABBOTS">ABBOTS</orth>, </form>
<sense>
                        <term type="Landmark" ref="TopUrbiIndex.xml#Río">Río</term> pequeño de la <district xml:id="annot-1-37">
                            <term type="Territory" subtype="supplied_term" ref="TopUrbiIndex.xml#Provincia"/>
                            <placeName>Carolina Septentrional</placeName>
                        </district>, corre al SO y entra en el de <geogName type="landmark" xml:id="annot-1-15275">
                            <term type="Landmark" subtype="inferred_term" ref="TopUrbiIndex.xml#Río"/>
                            <placeName>Pedi</placeName>
                        </geogName>, a poca distancia del nacimiento de éste en el <term type="Territory" ref="TopUrbiIndex.xml#Territorio">territorio</term> de los límites del <persName xml:id="annot-1-21043">Lord Granvile</persName>. 
</sense>
</entry>
</div>
    </body>
  </text>
</TEI>