<TEI xmlns="http://www.tei-c.org/ns/1.0">
    <teiHeader>
        <fileDesc>
            <titleStmt>
                <title>Image Mappings</title>
            </titleStmt>
            <publicationStmt>
                <p>Mapping of facs to token values</p>
            </publicationStmt>
            <sourceDesc>
                <p>Mapping of facs to token values in TEI XML format</p>
            </sourceDesc>
        </fileDesc>
    </teiHeader>
    <text>
        <body>
                <div facs="Alcedo_vol_1-0001.jpg" n="bk128k64b%2Ffiles%2F9698bb95-341f-4bc5-9e25-0666ebc08a55%2Ffcr:versions%2Fversion1"/>
                <div facs="Alcedo_vol_1-0002.jpg" n="x920g517c%2Ffiles%2F90fef3f9-8ef8-4d87-9fa1-685cdad66f79%2Ffcr:versions%2Fversion1"/>
                <div facs="Alcedo_vol_1-0003.jpg" n="h702qg365%2Ffiles%2Ffa037959-1591-400a-acfd-9096e71e7b6a%2Ffcr:versions%2Fversion1"/>
                <div facs="Alcedo_vol_1-0004.jpg" n="8049gf07z%2Ffiles%2F6940cb23-8d34-441d-8266-80fdda2e14ba%2Ffcr:versions%2Fversion1"/>
                <div facs="Alcedo_vol_1-0005.jpg" n="nv935c014%2Ffiles%2Ff31d5842-10b4-4634-9fde-3f3d2a740084%2Ffcr:versions%2Fversion1"/>
                <div facs="Alcedo_vol_1-0006.jpg" n="8s45qj29v%2Ffiles%2Ff5b12aa6-4f06-45e5-b097-fe30af6750ee%2Ffcr:versions%2Fversion1"/>
                <div facs="Alcedo_vol_1-0007.jpg" n="0c483t52h%2Ffiles%2F7b278986-4b2c-4107-aab6-c4bb58c26075%2Ffcr:versions%2Fversion1"/>
        </body>
    </text>
</TEI>