<listPlace>
    	<place>
		<settlement>
			<placeName>Santos Angeles de Orabueya</placeName>
			<term type="featuretype" target="#Pueblo de Indios">Pueblo de Indios</term>
			<idno type="uri">https://www.hgis-indias.net/dokuwiki/doku.php?id=gazetteer:5600774</idno>
			<location resp="WS">
				<district type="container">Maynas</district>
				<region type="container">Maynas</region>
				<note type="location_representation">zonal.</note>
				<geo>-2,090293 -74,842234</geo>
			</location>
			<linkGrp type="references">
				<link type="entry" target="Alcedo_vol1.xml#id_00021"/>
				<link type="page" target="Alcedo_vol1.xml#v1-0003" facs="facsimg:Alcedo_vol_1-0003.jpg"/>
			</linkGrp>
			<noteGrp>
				<note xml:lang="es" type="review">La identificación de este lugar no ha sido revisado a mano.</note>
			</noteGrp>
			<noteGrp>
				<note xml:lang="en" type="review">The identification of this place has not been manually reviewed.</note>
			</noteGrp>
			<noteGrp>
				<note xml:lang="fr" type="review">L'identification de cet endroit n'a pas été revue manuellement.</note>
			</noteGrp>
		</settlement>
	</place>
	<place>
		<settlement>
			<placeName>Avipi</placeName>
			<term type="featuretype" target="#Pueblo">Pueblo</term>
			<idno type="uri">https://www.hgis-indias.net/dokuwiki/doku.php?id=gazetteer:5000484</idno>
			<location resp="WS">
				<district type="container">Tunja</district>
				<region type="container">Nuevo Reyno de Granada</region>
				<note type="location_representation">zonal.</note>
				<geo>5,510669869 -74,06187856</geo>
			</location>
			<linkGrp type="references">
				<link type="entry" target="Alcedo_vol1.xml#id_00022"/>
				<link type="page" target="Alcedo_vol1.xml#v1-0003" facs="facsimg:Alcedo_vol_1-0003.jpg"/>
			</linkGrp>
			<noteGrp>
				<note xml:lang="es" type="review">La identificación de este lugar no ha sido revisado a mano.</note>
			</noteGrp>
			<noteGrp>
				<note xml:lang="en" type="review">The identification of this place has not been manually reviewed.</note>
			</noteGrp>
			<noteGrp>
				<note xml:lang="fr" type="review">L'identification de cet endroit n'a pas été revue manuellement.</note>
			</noteGrp>
		</settlement>
	</place>
</listPlace>